tecnica_1,tecnica_2,count
multi-objective optimization,quantile regression,3
pso,quantile regression,2
kernel density estimation,quantile regression,2
lasso,rfe,1
cuda acceleration,quantum simulation,1
mbka (black-winged kite algorithm),vmd,1
emve loss function,quantile regression,1
ant lion optimization,pso,1
ivy algorithm,maximal information coefficient,1
chaos game optimization,entropy clustering,1
permutation entropy minimization,subsequence variability maximization,1
bayesian optimization with tree-structured parzen estimators,conformal prediction,1
bayesian optimization with tree-structured parzen estimators,shap,1
conformal prediction,shap,1
chebyshev mapping initialization,elite-guided reflection refinement,1
chebyshev mapping initialization,generalized quadratic interpolation,1
elite-guided reflection refinement,generalized quadratic interpolation,1
cross-validation,dropout regularization,1
cross-validation,shap,1
dropout regularization,shap,1
cknsga-iii,henon chaotic mapping,1
archimedean optimization algorithm,sparrow search algorithm,1
clustering,feature selection,1
e-qpso,ihoa,1
reinforcement learning,transfer learning,1
quantile regression,weighted least squares,1
adaptive denoising,newton–raphson-based optimizer,1
bayesian optimization,multi-scale permutation entropy,1
lévy flight,modified pelican optimization algorithm,1
quantile regression,rime optimization,1
